{
    "accidents": [
        -33.18811042986219
    ],
    "baudio": [
        -44.374902217296565
    ],
    "bnetflix": [
        -60.25034595063277
    ],
    "jester": [
        -58.22653193833437
    ],
    "kdd": [
        -2.294894071447108
    ],
    "msnbc": [
        -6.540127355063576
    ],
    "nltcs": [
        -6.759044665013505
    ],
    "plants": [
        -16.524015044243548
    ],
    "pumsb_star": [
        -30.80704843957857
    ],
    "tretail": [
        -10.946544781894685
    ]
}