{
    "accidents": -33.119101809372616,
    "baudio": -44.150885706537295,
    "bnetflix": -60.12546818878103,
    "jester": -58.006208863881035,
    "kdd": -2.161625533834072,
    "msnbc": -6.538622945535897,
    "nltcs": -6.748035238472814,
    "plants": -16.40755534470256,
    "pumsb_star": -30.790532204919323,
    "tretail": -10.830404762847715
}