{
    "LR_bow_enron1": {
        "accuracy": 0.9166666666666666,
        "precision": 0.8580645161290322,
        "recall": 0.8926174496644296,
        "f1": 0.875
    },
    "LR_bernoulli_enron1": {
        "accuracy": 0.9473684210526315,
        "precision": 0.9084967320261438,
        "recall": 0.9328859060402684,
        "f1": 0.9205298013245033
    },
    "LR_bow_enron2": {
        "accuracy": 0.9142259414225942,
        "precision": 0.8396946564885496,
        "recall": 0.8461538461538461,
        "f1": 0.842911877394636
    },
    "LR_bernoulli_enron2": {
        "accuracy": 0.9476987447698745,
        "precision": 0.9411764705882353,
        "recall": 0.8615384615384616,
        "f1": 0.8995983935742972
    },
    "LR_bow_enron4": {
        "accuracy": 0.9281767955801105,
        "precision": 0.9467005076142132,
        "recall": 0.9539641943734015,
        "f1": 0.9503184713375797
    },
    "LR_bernoulli_enron4": {
        "accuracy": 0.9779005524861878,
        "precision": 0.974937343358396,
        "recall": 0.9948849104859335,
        "f1": 0.9848101265822785
    }
}