{
    "SGD_bow_enron1": {
        "accuracy": 0.9254385964912281,
        "precision": 0.8709677419354839,
        "recall": 0.9060402684563759,
        "f1": 0.8881578947368421
    },
    "SGD_bernoulli_enron1": {
        "accuracy": 0.9495614035087719,
        "precision": 0.9090909090909091,
        "recall": 0.9395973154362416,
        "f1": 0.9240924092409241
    },
    "SGD_bow_enron2": {
        "accuracy": 0.9205020920502092,
        "precision": 0.8833333333333333,
        "recall": 0.8153846153846154,
        "f1": 0.848
    },
    "SGD_bernoulli_enron2": {
        "accuracy": 0.9560669456066946,
        "precision": 0.8978102189781022,
        "recall": 0.9461538461538461,
        "f1": 0.9213483146067415
    },
    "SGD_bow_enron4": {
        "accuracy": 0.9576427255985267,
        "precision": 0.9466019417475728,
        "recall": 0.9974424552429667,
        "f1": 0.9713574097135741
    },
    "SGD_bernoulli_enron4": {
        "accuracy": 0.9797421731123389,
        "precision": 0.972636815920398,
        "recall": 1.0,
        "f1": 0.9861286254728877
    }
}